contextType,grammaticality,acceptability
Epistles,4.404255,3.914894
Gospels,4.923077,4.000000
History,4.440860,4.086022
Poetry,4.266667,3.533333
Prophecy,4.569620,4.113924